'time', 'timestamp', 'endpoint', 'object', 'instance', 'resource', 'value'
2021-05-06 21:16:20.548443+01,1620332180,t91-jak,3304,0,5700,31.272998809814453
2021-05-06 21:16:20.32405+01,1620332180,t91-jak,3303,0,5700,6.669999599456787
2021-05-06 21:16:19.984553+01,1620332180,t91-jak,3300,4,5700,1070638016
2021-05-06 21:16:14.711493+01,1620332174,t91-jak,3300,3,5700,1093120640
2021-05-06 21:16:09.288267+01,1620332169,t91-jak,3300,2,5700,1092448896
2021-05-06 21:16:03.665756+01,1620332163,t91-jak,3300,0,5700,166045.0
2021-05-06 21:15:49.670843+01,1620332149,t91-jak,3304,0,5700,31.391998291015625
2021-05-06 21:15:49.364561+01,1620332149,t91-jak,3303,0,5700,6.609999656677246
2021-05-06 21:15:49.032347+01,1620332149,t91-jak,3300,4,5700,1070638016
2021-05-06 21:15:43.69061+01,1620332143,t91-jak,3300,3,5700,1093120640
2021-05-06 21:15:38.390141+01,1620332138,t91-jak,3300,2,5700,1092448896
2021-05-06 21:15:33.030798+01,1620332133,t91-jak,3300,0,5700,219821.0
2021-05-06 21:03:49.859107+01,1620331429,t91-jak,3304,0,5700,29.19999885559082
2021-05-06 21:03:49.602035+01,1620331429,t91-jak,3303,0,5700,7.819999694824219
2021-05-06 21:03:49.346893+01,1620331429,t91-jak,3300,4,5700,1070638016
2021-05-06 21:03:44.067858+01,1620331424,t91-jak,3300,3,5700,1097809024
2021-05-06 21:03:38.809214+01,1620331416,t91-jak,3300,2,5700,1092448896
2021-05-06 21:03:31.033493+01,1620331411,t91-jak,3300,0,5700,167377.0
2021-05-06 21:03:15.826895+01,1620331395,t91-jak,3304,0,5700,29.316999435424805
2021-05-06 21:03:15.515685+01,1620331395,t91-jak,3303,0,5700,7.159999847412109
2021-05-06 21:03:15.29106+01,1620331395,t91-jak,3300,4,5700,1070638016
2021-05-06 21:03:09.987924+01,1620331390,t91-jak,3300,3,5700,1093120640
2021-05-06 21:03:04.655182+01,1620331384,t91-jak,3300,2,5700,1092448896
2021-05-06 21:02:59.112631+01,1620331379,t91-jak,3300,0,5700,210648.0
2021-05-06 20:51:47.913529+01,1620330706,t91-jak,3304,0,5700,27.406999588012695
2021-05-06 20:51:47.525514+01,1620330706,t91-jak,3303,0,5700,7.599999904632568
2021-05-06 20:51:47.181637+01,1620330706,t91-jak,3300,4,5700,1070638016
2021-05-06 20:51:41.930488+01,1620330700,t91-jak,3300,3,5700,1101233792
2021-05-06 20:51:36.633009+01,1620330695,t91-jak,3300,2,5700,1092448896
2021-05-06 20:51:31.190787+01,1620330690,t91-jak,3300,0,5700,162646.0
2021-05-06 20:51:22.156692+01,1620330681,t91-jak,3304,0,5700,27.645999908447266
2021-05-06 20:51:21.914126+01,1620330678,t91-jak,3303,0,5700,7.409999847412109
2021-05-06 20:51:18.711758+01,1620330677,t91-jak,3300,4,5700,1070638016
2021-05-06 20:51:13.352124+01,1620330672,t91-jak,3300,3,5700,1101509248
2021-05-06 20:51:07.84536+01,1620330666,t91-jak,3300,2,5700,1092448896
2021-05-06 20:51:02.311449+01,1620330661,t91-jak,3300,0,5700,221752.0
2021-05-06 20:39:31.521001+01,1620329971,t91-jak,3304,0,5700,26.608999252319336
2021-05-06 20:39:31.207862+01,1620329971,t91-jak,3303,0,5700,8.6899995803833
2021-05-06 20:39:30.865619+01,1620329970,t91-jak,3300,4,5700,1070638016
2021-05-06 20:39:25.52597+01,1620329965,t91-jak,3300,3,5700,1093120640
2021-05-06 20:39:20.153481+01,1620329960,t91-jak,3300,2,5700,1092448896
2021-05-06 20:39:14.471726+01,1620329954,t91-jak,3300,0,5700,176962.0
2021-05-06 20:38:59.028059+01,1620329939,t91-jak,3304,0,5700,26.716999053955078
2021-05-06 20:38:58.790502+01,1620329938,t91-jak,3303,0,5700,7.989999771118164
2021-05-06 20:38:58.488508+01,1620329938,t91-jak,3300,4,5700,1070638016
2021-05-06 20:38:53.191981+01,1620329933,t91-jak,3300,3,5700,1097809024
2021-05-06 20:38:47.764961+01,1620329927,t91-jak,3300,2,5700,1092448896
2021-05-06 20:38:42.388232+01,1620329922,t91-jak,3300,0,5700,218795.0
2021-05-06 20:29:23.193647+01,1620329362,t91-jak,3304,0,5700,26.389999389648438
2021-05-06 20:29:22.944222+01,1620329361,t91-jak,3303,0,5700,8.84999942779541
2021-05-06 20:29:22.713347+01,1620329361,t91-jak,3300,4,5700,1070638016
2021-05-06 20:29:17.198582+01,1620329356,t91-jak,3300,3,5700,1097809024
2021-05-06 20:29:11.797733+01,1620329350,t91-jak,3300,2,5700,1092448896
2021-05-06 20:29:06.38677+01,1620329345,t91-jak,3300,0,5700,168221.0
2021-05-06 20:28:51.288017+01,1620329330,t91-jak,3304,0,5700,26.581998825073242
2021-05-06 20:28:50.954256+01,1620329329,t91-jak,3303,0,5700,8.049999237060547
2021-05-06 20:28:50.632784+01,1620329329,t91-jak,3300,4,5700,1070638016
2021-05-06 20:28:45.272307+01,1620329324,t91-jak,3300,3,5700,1093120640
2021-05-06 20:28:39.911138+01,1620329318,t91-jak,3300,2,5700,1092448896
2021-05-06 20:28:34.472019+01,1620329313,t91-jak,3300,0,5700,199142.0
2021-05-06 20:18:39.431528+01,1620328718,t91-jak,3304,0,5700,25.706998825073242
2021-05-06 20:18:38.964542+01,1620328717,t91-jak,3303,0,5700,8.459999084472656
2021-05-06 20:18:38.647401+01,1620328717,t91-jak,3300,4,5700,1070638016
2021-05-06 20:18:33.368628+01,1620328712,t91-jak,3300,3,5700,1093120640
2021-05-06 20:18:28.067928+01,1620328707,t91-jak,3300,2,5700,1106027520
2021-05-06 20:18:22.63079+01,1620328701,t91-jak,3300,0,5700,163443.0
2021-05-06 20:18:08.713129+01,1620328687,t91-jak,3304,0,5700,25.89499855041504
2021-05-06 20:18:08.405908+01,1620328687,t91-jak,3303,0,5700,8.239999771118164
2021-05-06 20:18:08.071049+01,1620328687,t91-jak,3300,4,5700,1070638016
2021-05-06 20:18:02.711521+01,1620328681,t91-jak,3300,3,5700,1100947072
2021-05-06 20:17:57.348557+01,1620328676,t91-jak,3300,2,5700,1092448896
2021-05-06 20:17:51.913295+01,1620328670,t91-jak,3300,0,5700,202334.0
2021-05-06 20:06:04.112225+01,1620327964,t91-jak,3304,0,5700,25.4689998626709
2021-05-06 20:06:03.840271+01,1620327963,t91-jak,3303,0,5700,8.359999656677246
2021-05-06 20:06:03.612739+01,1620327963,t91-jak,3300,4,5700,1070638016
2021-05-06 20:05:58.312424+01,1620327958,t91-jak,3300,3,5700,1093120640
2021-05-06 20:05:52.900099+01,1620327952,t91-jak,3300,2,5700,1092448896
2021-05-06 20:05:47.348964+01,1620327947,t91-jak,3300,0,5700,166376.0
2021-05-06 20:05:34.342502+01,1620327934,t91-jak,3304,0,5700,25.678998947143555
2021-05-06 20:05:34.07762+01,1620327934,t91-jak,3303,0,5700,8.109999656677246
2021-05-06 20:05:33.85686+01,1620327933,t91-jak,3300,4,5700,1070638016
2021-05-06 20:05:28.56016+01,1620327928,t91-jak,3300,3,5700,1097809024
2021-05-06 20:05:23.268748+01,1620327923,t91-jak,3300,2,5700,1092448896
2021-05-06 20:05:17.909389+01,1620327917,t91-jak,3300,0,5700,207452.0
2021-05-06 19:53:59.774149+01,1620327238,t91-jak,3304,0,5700,25.3799991607666
2021-05-06 19:53:59.505785+01,1620327238,t91-jak,3303,0,5700,8.179999351501465
2021-05-06 19:53:59.292768+01,1620327238,t91-jak,3300,4,5700,1070638016
2021-05-06 19:53:53.986961+01,1620327232,t91-jak,3300,3,5700,1093120640
2021-05-06 19:53:48.681491+01,1620327227,t91-jak,3300,2,5700,1100837504
2021-05-06 19:53:43.272514+01,1620327222,t91-jak,3300,0,5700,170281.0
2021-05-06 19:53:32.629148+01,1620327211,t91-jak,3304,0,5700,25.393999099731445
2021-05-06 19:53:32.321892+01,1620327211,t91-jak,3303,0,5700,8.65999984741211
2021-05-06 19:53:32.079338+01,1620327210,t91-jak,3300,4,5700,1070638016
2021-05-06 19:53:26.706039+01,1620327205,t91-jak,3300,3,5700,1093120640
2021-05-06 19:53:21.429351+01,1620327200,t91-jak,3300,2,5700,1092448896
2021-05-06 19:53:16.076252+01,1620327195,t91-jak,3300,0,5700,186037.0
2021-05-06 19:42:39.912106+01,1620326559,t91-jak,3304,0,5700,24.290998458862305
2021-05-06 19:42:39.445302+01,1620326559,t91-jak,3303,0,5700,9.969999313354492
2021-05-06 19:42:39.189215+01,1620326559,t91-jak,3300,4,5700,1070638016
2021-05-06 19:42:33.924313+01,1620326553,t91-jak,3300,3,5700,1093120640
2021-05-06 19:42:28.629425+01,1620326548,t91-jak,3300,2,5700,1092448896
2021-05-06 19:42:23.187989+01,1620326543,t91-jak,3300,0,5700,129864.0
2021-05-06 19:42:07.833128+01,1620326527,t91-jak,3304,0,5700,24.527999877929688
2021-05-06 19:42:07.607303+01,1620326527,t91-jak,3303,0,5700,9.149999618530273
2021-05-06 19:42:07.372525+01,1620326527,t91-jak,3300,4,5700,1070638016
2021-05-06 19:42:02.071049+01,1620326521,t91-jak,3300,3,5700,1093120640
2021-05-06 19:41:56.713536+01,1620326516,t91-jak,3300,2,5700,1092448896
2021-05-06 19:41:51.271554+01,1620326511,t91-jak,3300,0,5700,196048.0
2021-05-06 19:18:19.595487+01,1620325099,t91-jak,3304,0,5700,24.375999450683594
2021-05-06 19:18:19.119439+01,1620325099,t91-jak,3303,0,5700,9.239999771118164
2021-05-06 19:18:18.875303+01,1620325098,t91-jak,3300,4,5700,1070638016
2021-05-06 19:18:13.495251+01,1620325093,t91-jak,3300,3,5700,1093120640
2021-05-06 19:18:08.23355+01,1620325088,t91-jak,3300,2,5700,1092448896
2021-05-06 19:18:02.79558+01,1620325082,t91-jak,3300,0,5700,155667.0
2021-05-06 19:17:49.687026+01,1620325069,t91-jak,3304,0,5700,24.551998138427734
2021-05-06 19:17:49.35346+01,1620325068,t91-jak,3303,0,5700,9.069999694824219
2021-05-06 19:17:48.248605+01,1620325068,t91-jak,3300,4,5700,1070638016
2021-05-06 19:17:42.969798+01,1620325062,t91-jak,3300,3,5700,1093120640
2021-05-06 19:17:37.670566+01,1620325057,t91-jak,3300,2,5700,1092448896
2021-05-06 19:17:31.986095+01,1620325051,t91-jak,3300,0,5700,205117.0
2021-05-06 19:06:18.872525+01,1620324378,t91-jak,3304,0,5700,23.99599838256836
2021-05-06 19:06:18.552304+01,1620324378,t91-jak,3303,0,5700,10.309999465942383
2021-05-06 19:06:18.233398+01,1620324378,t91-jak,3300,4,5700,1070638016
2021-05-06 19:06:12.883786+01,1620324372,t91-jak,3300,3,5700,1104341888
2021-05-06 19:06:07.512119+01,1620324367,t91-jak,3300,2,5700,1092448896
2021-05-06 19:06:02.068333+01,1620324362,t91-jak,3300,0,5700,157876.0
2021-05-06 19:05:46.796289+01,1620324346,t91-jak,3304,0,5700,24.244998931884766
2021-05-06 19:05:46.483501+01,1620324346,t91-jak,3303,0,5700,9.459999084472656
2021-05-06 19:05:46.248016+01,1620324346,t91-jak,3300,4,5700,1070638016
2021-05-06 19:05:40.969692+01,1620324340,t91-jak,3300,3,5700,1093120640
2021-05-06 19:05:35.672073+01,1620324335,t91-jak,3300,2,5700,1092448896
2021-05-06 19:05:30.166317+01,1620324330,t91-jak,3300,0,5700,176587.0
2021-05-06 18:56:07.112664+01,1620323766,t91-jak,3304,0,5700,24.578998565673828
2021-05-06 18:56:06.804254+01,1620323766,t91-jak,3303,0,5700,8.989999771118164
2021-05-06 18:56:06.480495+01,1620323766,t91-jak,3300,4,5700,1062846272
2021-05-06 18:56:01.131514+01,1620323761,t91-jak,3300,3,5700,1093120640
2021-05-06 18:55:55.831553+01,1620323755,t91-jak,3300,2,5700,1092448896
2021-05-06 18:55:50.31289+01,1620323750,t91-jak,3300,0,5700,133074.0
2021-05-06 18:55:36.470474+01,1620323736,t91-jak,3304,0,5700,24.77699851989746
2021-05-06 18:55:36.164501+01,1620323735,t91-jak,3303,0,5700,8.919999122619629
2021-05-06 18:55:35.83505+01,1620323735,t91-jak,3300,4,5700,1070638016
2021-05-06 18:55:30.472236+01,1620323730,t91-jak,3300,3,5700,1093120640
2021-05-06 18:55:25.116094+01,1620323725,t91-jak,3300,2,5700,1092448896
2021-05-06 18:55:19.672325+01,1620323719,t91-jak,3300,0,5700,202210.0
2021-05-06 18:33:00.711054+01,1620322380,t91-jak,3304,0,5700,24.608999252319336
2021-05-06 18:33:00.472689+01,1620322380,t91-jak,3303,0,5700,9.5
2021-05-06 18:33:00.181323+01,1620322380,t91-jak,3300,4,5700,1070638016
2021-05-06 18:32:54.954664+01,1620322374,t91-jak,3300,3,5700,1097809024
2021-05-06 18:32:49.593705+01,1620322369,t91-jak,3300,2,5700,1092448896
2021-05-06 18:32:44.072235+01,1620322363,t91-jak,3300,0,5700,163763.0
2021-05-06 18:32:30.405628+01,1620322350,t91-jak,3304,0,5700,24.684999465942383
2021-05-06 18:32:30.073361+01,1620322349,t91-jak,3303,0,5700,9.379999160766602
2021-05-06 18:32:29.753857+01,1620322349,t91-jak,3300,4,5700,1059907392
2021-05-06 18:32:24.395542+01,1620322344,t91-jak,3300,3,5700,1093120640
2021-05-06 18:32:18.884953+01,1620322338,t91-jak,3300,2,5700,1100837504
2021-05-06 18:32:13.352407+01,1620322333,t91-jak,3300,0,5700,190361.0
2021-05-06 18:22:51.510806+01,1620321770,t91-jak,3304,0,5700,24.333999633789062
2021-05-06 18:22:51.204925+01,1620321769,t91-jak,3303,0,5700,10.529999732971191
2021-05-06 18:22:50.874894+01,1620321769,t91-jak,3300,4,5700,1070638016
2021-05-06 18:22:45.512406+01,1620321764,t91-jak,3300,3,5700,1102848384
2021-05-06 18:22:40.169498+01,1620321759,t91-jak,3300,2,5700,1092448896
2021-05-06 18:22:34.792612+01,1620321753,t91-jak,3300,0,5700,152676.0
2021-05-06 18:22:20.872454+01,1620321739,t91-jak,3304,0,5700,24.500999450683594
2021-05-06 18:22:20.632071+01,1620321739,t91-jak,3303,0,5700,10.339999198913574
2021-05-06 18:22:20.328771+01,1620321739,t91-jak,3300,4,5700,1059907392
2021-05-06 18:22:15.03477+01,1620321733,t91-jak,3300,3,5700,1093120640
2021-05-06 18:22:09.671526+01,1620321728,t91-jak,3300,2,5700,1092448896
2021-05-06 18:22:04.073908+01,1620321722,t91-jak,3300,0,5700,204861.0
2021-05-06 18:10:16.552316+01,1620321016,t91-jak,3304,0,5700,24.998998641967773
2021-05-06 18:10:16.246269+01,1620321016,t91-jak,3303,0,5700,10.6899995803833
2021-05-06 18:10:15.913217+01,1620321015,t91-jak,3300,4,5700,1070638016
2021-05-06 18:10:10.494195+01,1620321010,t91-jak,3300,3,5700,1093120640
2021-05-06 18:10:04.977914+01,1620321004,t91-jak,3300,2,5700,1092448896
2021-05-06 18:09:59.590723+01,1620320999,t91-jak,3300,0,5700,156250.0
2021-05-06 18:09:44.474382+01,1620320984,t91-jak,3304,0,5700,25.362998962402344
2021-05-06 18:09:44.007267+01,1620320983,t91-jak,3303,0,5700,9.889999389648438
2021-05-06 18:09:43.689478+01,1620320983,t91-jak,3300,4,5700,1070638016
2021-05-06 18:09:38.390226+01,1620320978,t91-jak,3300,3,5700,1093120640
2021-05-06 18:09:33.033311+01,1620320972,t91-jak,3300,2,5700,1092448896
2021-05-06 18:09:27.592681+01,1620320967,t91-jak,3300,0,5700,192145.0
2021-05-06 17:59:12.154222+01,1620320351,t91-jak,3304,0,5700,23.798999786376953
2021-05-06 17:59:11.845771+01,1620320351,t91-jak,3303,0,5700,10.859999656677246
2021-05-06 17:59:11.515424+01,1620320351,t91-jak,3300,4,5700,1070638016
2021-05-06 17:59:06.15193+01,1620320345,t91-jak,3300,3,5700,1093120640
2021-05-06 17:59:00.79435+01,1620320340,t91-jak,3300,2,5700,1100837504
2021-05-06 17:58:55.270139+01,1620320335,t91-jak,3300,0,5700,157578.0
2021-05-06 17:58:41.925633+01,1620320321,t91-jak,3304,0,5700,23.86699867248535
2021-05-06 17:58:41.59426+01,1620320321,t91-jak,3303,0,5700,10.799999237060547
2021-05-06 17:58:41.275578+01,1620320321,t91-jak,3300,4,5700,1070638016
2021-05-06 17:58:35.8467+01,1620320315,t91-jak,3300,3,5700,1093120640
2021-05-06 17:58:30.247667+01,1620320309,t91-jak,3300,2,5700,1092448896
2021-05-06 17:58:24.552196+01,1620320304,t91-jak,3300,0,5700,188070.0
2021-05-06 17:48:54.153405+01,1620319733,t91-jak,3304,0,5700,23.649999618530273
2021-05-06 17:48:53.685379+01,1620319733,t91-jak,3303,0,5700,11.489999771118164
2021-05-06 17:48:53.373209+01,1620319733,t91-jak,3300,4,5700,1070638016
2021-05-06 17:48:48.07266+01,1620319727,t91-jak,3300,3,5700,1093120640
2021-05-06 17:48:42.634123+01,1620319722,t91-jak,3300,2,5700,1092448896
2021-05-06 17:48:37.034706+01,1620319716,t91-jak,3300,0,5700,156396.0
2021-05-06 17:48:23.433768+01,1620319703,t91-jak,3304,0,5700,23.8539981842041
2021-05-06 17:48:23.126809+01,1620319702,t91-jak,3303,0,5700,11.229999542236328
2021-05-06 17:48:22.806583+01,1620319702,t91-jak,3300,4,5700,1070638016
2021-05-06 17:48:17.514434+01,1620319697,t91-jak,3300,3,5700,1093120640
2021-05-06 17:48:12.090181+01,1620319691,t91-jak,3300,2,5700,1105542656
2021-05-06 17:48:06.63297+01,1620319686,t91-jak,3300,0,5700,194652.0
2021-05-06 17:38:10.071552+01,1620319089,t91-jak,3304,0,5700,24.04599952697754
2021-05-06 17:38:09.761348+01,1620319089,t91-jak,3303,0,5700,11.149999618530273
2021-05-06 17:38:09.434536+01,1620319089,t91-jak,3300,4,5700,1070638016
2021-05-06 17:38:04.074767+01,1620319083,t91-jak,3300,3,5700,1093120640
2021-05-06 17:37:58.732379+01,1620319078,t91-jak,3300,2,5700,1097339136
2021-05-06 17:37:53.194313+01,1620319072,t91-jak,3300,0,5700,149262.0
2021-05-06 17:37:38.007858+01,1620319057,t91-jak,3304,0,5700,24.42099952697754
2021-05-06 17:37:37.717299+01,1620319057,t91-jak,3303,0,5700,10.369999885559082
2021-05-06 17:37:37.302617+01,1620319057,t91-jak,3300,4,5700,1070638016
2021-05-06 17:37:31.992895+01,1620319051,t91-jak,3300,3,5700,1093120640
2021-05-06 17:37:26.555589+01,1620319046,t91-jak,3300,2,5700,1100353280
2021-05-06 17:37:21.113371+01,1620319040,t91-jak,3300,0,5700,183986.0
2021-05-06 17:25:28.232114+01,1620318328,t91-jak,3304,0,5700,24.74599838256836
2021-05-06 17:25:28.006436+01,1620318327,t91-jak,3303,0,5700,10.879999160766602
2021-05-06 17:25:27.68678+01,1620318327,t91-jak,3300,4,5700,1070638016
2021-05-06 17:25:22.408893+01,1620318322,t91-jak,3300,3,5700,1093120640
2021-05-06 17:25:17.114906+01,1620318316,t91-jak,3300,2,5700,1103192832
2021-05-06 17:25:11.593689+01,1620318311,t91-jak,3300,0,5700,147416.0
2021-05-06 17:24:57.433497+01,1620318297,t91-jak,3304,0,5700,25.03099822998047
2021-05-06 17:24:56.970278+01,1620318296,t91-jak,3303,0,5700,10.699999809265137
2021-05-06 17:24:56.65433+01,1620318296,t91-jak,3300,4,5700,1070638016
2021-05-06 17:24:51.432623+01,1620318291,t91-jak,3300,3,5700,1093120640
2021-05-06 17:24:46.092776+01,1620318285,t91-jak,3300,2,5700,1092448896
2021-05-06 17:24:40.792704+01,1620318280,t91-jak,3300,0,5700,181781.0
2021-05-06 17:13:07.445461+01,1620317586,t91-jak,3304,0,5700,25.10099983215332
2021-05-06 17:13:07.112971+01,1620317585,t91-jak,3303,0,5700,10.649999618530273
2021-05-06 17:13:06.790189+01,1620317585,t91-jak,3300,4,5700,1070638016
2021-05-06 17:13:01.444623+01,1620317580,t91-jak,3300,3,5700,1101386496
2021-05-06 17:12:56.090806+01,1620317574,t91-jak,3300,2,5700,1092448896
2021-05-06 17:12:50.473892+01,1620317569,t91-jak,3300,0,5700,146382.0
2021-05-06 17:12:36.565099+01,1620317555,t91-jak,3304,0,5700,25.114999771118164
2021-05-06 17:12:36.245327+01,1620317554,t91-jak,3303,0,5700,10.549999237060547
2021-05-06 17:12:35.910185+01,1620317554,t91-jak,3300,4,5700,1070638016
2021-05-06 17:12:30.531897+01,1620317549,t91-jak,3300,3,5700,1093120640
2021-05-06 17:12:25.201427+01,1620317543,t91-jak,3300,2,5700,1097339136
2021-05-06 17:12:19.75213+01,1620317538,t91-jak,3300,0,5700,186785.0
2021-05-06 17:01:11.846658+01,1620316871,t91-jak,3304,0,5700,23.08099937438965
2021-05-06 17:01:11.517666+01,1620316871,t91-jak,3303,0,5700,12.879999160766602
2021-05-06 17:01:11.115082+01,1620316870,t91-jak,3300,4,5700,1070638016
2021-05-06 17:01:05.753403+01,1620316865,t91-jak,3300,3,5700,1093120640
2021-05-06 17:01:00.330901+01,1620316860,t91-jak,3300,2,5700,1107301632
2021-05-06 17:00:54.952256+01,1620316854,t91-jak,3300,0,5700,142995.0
2021-05-06 17:00:40.086053+01,1620316839,t91-jak,3304,0,5700,23.195999145507812
2021-05-06 17:00:39.765999+01,1620316839,t91-jak,3303,0,5700,12.179999351501465
2021-05-06 17:00:39.290757+01,1620316838,t91-jak,3300,4,5700,1070638016
2021-05-06 17:00:33.930047+01,1620316833,t91-jak,3300,3,5700,1093120640
2021-05-06 17:00:28.572131+01,1620316828,t91-jak,3300,2,5700,1100837504
2021-05-06 17:00:22.952989+01,1620316822,t91-jak,3300,0,5700,179629.0
2021-05-06 16:50:01.352815+01,1620316201,t91-jak,3304,0,5700,21.553998947143555
2021-05-06 16:50:01.031367+01,1620316200,t91-jak,3303,0,5700,14.5
2021-05-06 16:50:00.711904+01,1620316200,t91-jak,3300,4,5700,1070638016
2021-05-06 16:49:55.061652+01,1620316194,t91-jak,3300,3,5700,1101509248
2021-05-06 16:49:49.751632+01,1620316189,t91-jak,3300,2,5700,1092448896
2021-05-06 16:49:44.231504+01,1620316183,t91-jak,3300,0,5700,133607.0
2021-05-06 16:49:28.965798+01,1620316168,t91-jak,3304,0,5700,21.737998962402344
2021-05-06 16:49:28.633785+01,1620316168,t91-jak,3303,0,5700,13.669999122619629
2021-05-06 16:49:28.311402+01,1620316167,t91-jak,3300,4,5700,1070638016
2021-05-06 16:49:22.970008+01,1620316162,t91-jak,3300,3,5700,1101509248
2021-05-06 16:49:17.670944+01,1620316157,t91-jak,3300,2,5700,1092448896
2021-05-06 16:49:12.233337+01,1620316151,t91-jak,3300,0,5700,159842.0
2021-05-06 16:39:10.954679+01,1620315550,t91-jak,3304,0,5700,22.588998794555664
2021-05-06 16:39:10.485762+01,1620315550,t91-jak,3303,0,5700,13.879999160766602
2021-05-06 16:39:10.170619+01,1620315549,t91-jak,3300,4,5700,1059907392
2021-05-06 16:39:04.873269+01,1620315544,t91-jak,3300,3,5700,1101509248
2021-05-06 16:38:59.516153+01,1620315539,t91-jak,3300,2,5700,1100731904
2021-05-06 16:38:54.074653+01,1620315533,t91-jak,3300,0,5700,128365.0
2021-05-06 16:38:43.830296+01,1620315523,t91-jak,3304,0,5700,22.89699935913086
2021-05-06 16:38:43.526842+01,1620315523,t91-jak,3303,0,5700,14.179999351501465
2021-05-06 16:38:43.209485+01,1620315522,t91-jak,3300,4,5700,1059907392
2021-05-06 16:38:37.930103+01,1620315517,t91-jak,3300,3,5700,1101509248
2021-05-06 16:38:32.632481+01,1620315512,t91-jak,3300,2,5700,1092448896
2021-05-06 16:38:27.115814+01,1620315506,t91-jak,3300,0,5700,137233.0
2021-05-06 16:27:58.074825+01,1620314878,t91-jak,3304,0,5700,19.00899887084961
2021-05-06 16:27:57.768563+01,1620314878,t91-jak,3303,0,5700,15.679999351501465
2021-05-06 16:27:57.435576+01,1620314878,t91-jak,3300,4,5700,1070638016
2021-05-06 16:27:52.089019+01,1620314872,t91-jak,3300,3,5700,1108154624
2021-05-06 16:27:46.792772+01,1620314867,t91-jak,3300,2,5700,1111689088
2021-05-06 16:27:41.273652+01,1620314861,t91-jak,3300,0,5700,96627.0
2021-05-06 16:27:29.593203+01,1620314850,t91-jak,3304,0,5700,18.207998275756836
2021-05-06 16:27:29.287093+01,1620314849,t91-jak,3303,0,5700,15.979999542236328
2021-05-06 16:27:28.949951+01,1620314849,t91-jak,3300,4,5700,1070638016
2021-05-06 16:27:23.590264+01,1620314844,t91-jak,3300,3,5700,1107380352
2021-05-06 16:27:18.012302+01,1620314838,t91-jak,3300,2,5700,1105727744
2021-05-06 16:27:12.551296+01,1620314833,t91-jak,3300,0,5700,164086.0
2021-05-06 16:07:19.751476+01,1620313639,t91-jak,3304,0,5700,15.161999702453613
2021-05-06 16:07:19.446098+01,1620313639,t91-jak,3303,0,5700,21.059999465942383
2021-05-06 16:07:19.113751+01,1620313638,t91-jak,3300,4,5700,1070638016
2021-05-06 16:07:13.752496+01,1620313633,t91-jak,3300,3,5700,1104404352
2021-05-06 16:07:08.331208+01,1620313628,t91-jak,3300,2,5700,1092448896
2021-05-06 16:07:02.966249+01,1620313622,t91-jak,3300,0,5700,117187.0
2021-05-06 16:06:47.687524+01,1620313607,t91-jak,3304,0,5700,15.746999740600586
2021-05-06 16:06:47.430613+01,1620313607,t91-jak,3303,0,5700,19.669998168945312
2021-05-06 16:06:47.113655+01,1620313606,t91-jak,3300,4,5700,1070638016
2021-05-06 16:06:41.612827+01,1620313601,t91-jak,3300,3,5700,1093120640
2021-05-06 16:06:36.330038+01,1620313595,t91-jak,3300,2,5700,1092448896
2021-05-06 16:06:30.953415+01,1620313590,t91-jak,3300,0,5700,163763.0
2021-05-06 15:55:59.993812+01,1620312959,t91-jak,3304,0,5700,15.693999290466309
2021-05-06 15:55:59.678558+01,1620312959,t91-jak,3303,0,5700,21.56999969482422
2021-05-06 15:55:59.352577+01,1620312958,t91-jak,3300,4,5700,1070638016
2021-05-06 15:55:53.993098+01,1620312953,t91-jak,3300,3,5700,1093120640
2021-05-06 15:55:48.630874+01,1620312948,t91-jak,3300,2,5700,1097339136
2021-05-06 15:55:43.272079+01,1620312942,t91-jak,3300,0,5700,121364.0
2021-05-06 15:55:28.232278+01,1620312927,t91-jak,3304,0,5700,15.855999946594238
2021-05-06 15:55:27.927041+01,1620312927,t91-jak,3303,0,5700,20.779998779296875
2021-05-06 15:55:27.59423+01,1620312927,t91-jak,3300,4,5700,1059907392
2021-05-06 15:55:22.175448+01,1620312921,t91-jak,3300,3,5700,1093120640
2021-05-06 15:55:16.746434+01,1620312916,t91-jak,3300,2,5700,1092448896
2021-05-06 15:55:11.271323+01,1620312910,t91-jak,3300,0,5700,159842.0
2021-05-06 15:45:11.00915+01,1620312310,t91-jak,3304,0,5700,18.834999084472656
2021-05-06 15:45:10.792929+01,1620312310,t91-jak,3303,0,5700,17.089998245239258
2021-05-06 15:45:10.490524+01,1620312310,t91-jak,3300,4,5700,1070638016
2021-05-06 15:45:05.207908+01,1620312304,t91-jak,3300,3,5700,1101509248
2021-05-06 15:44:59.936427+01,1620312299,t91-jak,3300,2,5700,1103192832
2021-05-06 15:44:54.314955+01,1620312293,t91-jak,3300,0,5700,123155.0
2021-05-06 15:44:40.632679+01,1620312280,t91-jak,3304,0,5700,19.03299903869629
2021-05-06 15:44:40.16751+01,1620312279,t91-jak,3303,0,5700,17.03999900817871
2021-05-06 15:44:39.869021+01,1620312279,t91-jak,3300,4,5700,1070638016
2021-05-06 15:44:34.633577+01,1620312274,t91-jak,3300,3,5700,1117942400
2021-05-06 15:44:29.274629+01,1620312268,t91-jak,3300,2,5700,1110326144
2021-05-06 15:44:23.833741+01,1620312263,t91-jak,3300,0,5700,154228.0
2021-05-06 15:34:35.050766+01,1620311674,t91-jak,3304,0,5700,15.079999923706055
2021-05-06 15:34:34.835723+01,1620311674,t91-jak,3303,0,5700,21.42999839782715
2021-05-06 15:34:34.489047+01,1620311674,t91-jak,3300,4,5700,1070638016
2021-05-06 15:34:29.114065+01,1620311668,t91-jak,3300,3,5700,1107004288
2021-05-06 15:34:23.540712+01,1620311663,t91-jak,3300,2,5700,1092448896
2021-05-06 15:34:18.154238+01,1620311657,t91-jak,3300,0,5700,116289.0
2021-05-06 15:34:04.874913+01,1620311644,t91-jak,3304,0,5700,15.375999450683594
2021-05-06 15:34:04.410048+01,1620311643,t91-jak,3303,0,5700,21.03999900817871
2021-05-06 15:34:04.087252+01,1620311643,t91-jak,3300,4,5700,1070638016
2021-05-06 15:33:58.714304+01,1620311638,t91-jak,3300,3,5700,1093120640
2021-05-06 15:33:53.191215+01,1620311632,t91-jak,3300,2,5700,1092448896
2021-05-06 15:33:47.753384+01,1620311627,t91-jak,3300,0,5700,172570.0
2021-05-06 15:23:10.23544+01,1620310990,t91-jak,3304,0,5700,18.108999252319336
2021-05-06 15:23:09.912671+01,1620310990,t91-jak,3303,0,5700,18.779998779296875
2021-05-06 15:23:09.592549+01,1620310990,t91-jak,3300,4,5700,1070638016
2021-05-06 15:23:04.16397+01,1620310984,t91-jak,3300,3,5700,1109897856
2021-05-06 15:22:58.727666+01,1620310979,t91-jak,3300,2,5700,1092448896
2021-05-06 15:22:53.353512+01,1620310973,t91-jak,3300,0,5700,127776.0
2021-05-06 15:22:38.473282+01,1620310959,t91-jak,3304,0,5700,18.410999298095703
2021-05-06 15:22:38.165999+01,1620310958,t91-jak,3303,0,5700,17.809999465942383
2021-05-06 15:22:37.831909+01,1620310958,t91-jak,3300,4,5700,1070638016
2021-05-06 15:22:32.480132+01,1620310952,t91-jak,3300,3,5700,1093120640
2021-05-06 15:22:27.049185+01,1620310947,t91-jak,3300,2,5700,1092448896
2021-05-06 15:22:21.595889+01,1620310941,t91-jak,3300,0,5700,174738.0
2021-05-06 15:10:32.471904+01,1620310232,t91-jak,3304,0,5700,22.16699981689453
2021-05-06 15:10:32.171756+01,1620310231,t91-jak,3303,0,5700,13.609999656677246
2021-05-06 15:10:31.850124+01,1620310231,t91-jak,3300,4,5700,1070638016
2021-05-06 15:10:26.567009+01,1620310226,t91-jak,3300,3,5700,1106545536
2021-05-06 15:10:21.210199+01,1620310220,t91-jak,3300,2,5700,1092448896
2021-05-06 15:10:15.606298+01,1620310215,t91-jak,3300,0,5700,131709.0
2021-05-06 15:10:00.713534+01,1620310200,t91-jak,3304,0,5700,22.15799903869629
2021-05-06 15:10:00.399715+01,1620310200,t91-jak,3303,0,5700,12.959999084472656
2021-05-06 15:09:59.949937+01,1620310199,t91-jak,3300,4,5700,1070638016
2021-05-06 15:09:54.633566+01,1620310194,t91-jak,3300,3,5700,1111097984
2021-05-06 15:09:49.271585+01,1620310188,t91-jak,3300,2,5700,1092448896
2021-05-06 15:09:43.673907+01,1620310183,t91-jak,3300,0,5700,164571.0
2021-05-06 14:58:32.873253+01,1620309512,t91-jak,3304,0,5700,19.53499984741211
2021-05-06 14:58:32.630563+01,1620309512,t91-jak,3303,0,5700,15.149999618530273
2021-05-06 14:58:32.330281+01,1620309511,t91-jak,3300,4,5700,1066014720
2021-05-06 14:58:26.969148+01,1620309506,t91-jak,3300,3,5700,1103749120
2021-05-06 14:58:21.557015+01,1620309501,t91-jak,3300,2,5700,1103192832
2021-05-06 14:58:16.234728+01,1620309495,t91-jak,3300,0,5700,121985.0
2021-05-06 14:58:01.115807+01,1620309480,t91-jak,3304,0,5700,19.352998733520508
2021-05-06 14:58:00.799448+01,1620309480,t91-jak,3303,0,5700,14.5
2021-05-06 14:58:00.409053+01,1620309479,t91-jak,3300,4,5700,1070638016
2021-05-06 14:57:55.034824+01,1620309474,t91-jak,3300,3,5700,1101509248
2021-05-06 14:57:49.616364+01,1620309469,t91-jak,3300,2,5700,1100837504
2021-05-06 14:57:44.230555+01,1620309463,t91-jak,3300,0,5700,145488.0
2021-05-06 14:49:50.792126+01,1620308990,Thingy:91-Test,3304,0,5700,8.17199993133545
2021-05-06 14:49:50.470972+01,1620308990,Thingy:91-Test,3303,0,5700,32.369998931884766
2021-05-06 14:49:50.134629+01,1620308989,Thingy:91-Test,3300,4,5700,1070638016
2021-05-06 14:49:44.780156+01,1620308984,Thingy:91-Test,3300,3,5700,1108736896
2021-05-06 14:49:39.415676+01,1620308979,Thingy:91-Test,3300,2,5700,0.0
2021-05-06 14:49:33.919351+01,1620308973,Thingy:91-Test,3300,0,5700,46541.0
2021-05-06 14:49:20.795656+01,1620308960,Thingy:91-Test,3304,0,5700,8.524999618530273
2021-05-06 14:49:20.470546+01,1620308960,Thingy:91-Test,3303,0,5700,31.459999084472656
2021-05-06 14:49:20.138164+01,1620308959,Thingy:91-Test,3300,4,5700,1070638016
2021-05-06 14:49:14.710277+01,1620308954,Thingy:91-Test,3300,3,5700,0.0
2021-05-06 14:49:09.3381+01,1620308949,Thingy:91-Test,3300,2,5700,0.0
2021-05-06 14:49:03.819495+01,1620308943,Thingy:91-Test,3300,0,5700,15207.0
2021-05-06 14:48:19.91474+01,1620308899,t91-jak,3304,0,5700,15.835999488830566
2021-05-06 14:48:19.61847+01,1620308899,t91-jak,3303,0,5700,20.419998168945312
2021-05-06 14:48:19.271354+01,1620308898,t91-jak,3300,4,5700,1070638016
2021-05-06 14:48:13.916401+01,1620308893,t91-jak,3300,3,5700,1101509248
2021-05-06 14:48:08.55064+01,1620308888,t91-jak,3300,2,5700,1105602176
2021-05-06 14:48:03.115465+01,1620308882,t91-jak,3300,0,5700,101075.0
2021-05-06 14:47:48.160883+01,1620308867,t91-jak,3304,0,5700,16.251998901367188
2021-05-06 14:47:47.856254+01,1620308867,t91-jak,3303,0,5700,19.739999771118164
2021-05-06 14:47:47.515091+01,1620308866,t91-jak,3300,4,5700,1070638016
2021-05-06 14:47:42.089994+01,1620308861,t91-jak,3300,3,5700,1103749120
2021-05-06 14:47:36.796075+01,1620308856,t91-jak,3300,2,5700,1092448896
2021-05-06 14:47:31.113203+01,1620308850,t91-jak,3300,0,5700,106358.0
2021-05-06 14:42:18.140707+01,1620308537,Thingy:91-Test,3304,0,5700,8.524999618530273
2021-05-06 14:42:17.838738+01,1620308537,Thingy:91-Test,3303,0,5700,31.649999618530273
2021-05-06 14:42:17.54756+01,1620308535,Thingy:91-Test,3300,4,5700,1070638016
2021-05-06 14:42:11.043931+01,1620308529,Thingy:91-Test,3300,3,5700,1102144640
2021-05-06 14:42:04.504005+01,1620308522,Thingy:91-Test,3300,2,5700,1105615872
2021-05-06 14:41:57.584247+01,1620308516,Thingy:91-Test,3300,0,5700,18354.0
2021-05-06 14:41:13.898438+01,1620308471,Thingy:91-Test,3300,3,5700,0.0
2021-05-06 14:40:58.555983+01,1620308457,Thingy:91-Test,3300,2,5700,1102354816
2021-05-06 14:40:51.666933+01,1620308451,Thingy:91-Test,3300,0,5700,10129.0
2021-05-06 14:36:07.03354+01,1620308166,t91-jak,3300,2,5700,1092448896
2021-05-06 14:35:50.966601+01,1620308150,t91-jak,3300,0,5700,126998.0
2021-05-06 14:26:15.044662+01,0,Thingy:91-Test,3300,2,5700,1098758784
2021-05-06 14:25:25.578234+01,1620307525,Thingy:91-Test,3300,0,5700,29755.0
2021-05-06 14:24:35.914955+01,1620307475,t91-jak,3304,0,5700,21.5679988861084
2021-05-06 14:24:35.114502+01,1620307474,t91-jak,3303,0,5700,13.919999122619629
2021-05-06 14:24:05.598965+01,1620307445,t91-jak,3304,0,5700,21.66499900817871
2021-05-06 14:24:04.795658+01,1620307444,t91-jak,3303,0,5700,13.40999984741211
2021-05-06 14:24:03.916936+01,1620307443,t91-jak,3300,2,5700,1100353280
2021-05-06 14:23:47.756573+01,1620307427,t91-jak,3300,0,5700,64916.0
2021-05-06 14:23:34.314457+01,1620307413,t91-jak,3300,2,5700,1100837504
2021-05-06 14:23:18.314287+01,1620307397,t91-jak,3300,0,5700,134360.0
2021-05-06 14:23:01.285108+01,1620307380,gas-test,3300,1,5700,0.0
2021-05-06 14:14:50.327684+01,1620306890,Thingy:91-Test,3304,0,5700,11.03499984741211
2021-05-06 14:14:49.418109+01,1620306889,Thingy:91-Test,3303,0,5700,27.19999885559082
2021-05-06 14:14:18.785836+01,1620306858,Thingy:91-Test,3300,2,5700,1092419840
2021-05-06 14:13:51.58079+01,1620306831,Thingy:91-Test,3300,0,5700,12691.0
2021-05-06 14:03:53.015245+01,1620306232,Thingy:91-Test,3304,0,5700,11.04699993133545
2021-05-06 14:03:52.133652+01,1620306231,Thingy:91-Test,3303,0,5700,27.239999771118164
2021-05-06 14:03:41.187821+01,1620306220,Thingy:91-Test,3300,4,5700,1058491200
2021-05-06 14:03:14.306945+01,1620306193,Thingy:91-Test,3300,3,5700,1088295936
2021-05-06 14:02:44.775224+01,1620306164,Thingy:91-Test,3300,2,5700,1088952192
2021-05-06 14:02:33.494891+01,1620306153,Thingy:91-Test,3300,0,5700,37167.0
2021-05-06 14:01:14.212702+01,1620306073,t91-jak,3304,0,5700,17.626998901367188
2021-05-06 14:01:13.283681+01,1620306072,t91-jak,3303,0,5700,17.01999855041504
2021-05-06 14:01:02.957222+01,1620306062,t91-jak,3300,4,5700,1070638016
2021-05-06 14:00:58.703672+01,1620306058,Thingy:91-Test,3300,2,5700,1091483008
2021-05-06 14:00:48.277747+01,1620306047,t91-jak,3304,0,5700,17.141998291015625
2021-05-06 14:00:47.454236+01,1620306046,t91-jak,3303,0,5700,17.349998474121094
2021-05-06 14:00:47.278983+01,1620306046,t91-jak,3300,3,5700,1101509248
2021-05-06 14:00:39.578812+01,1620306039,Thingy:91-Test,3300,0,5700,30959.0
2021-05-06 14:00:37.059112+01,1620306036,t91-jak,3300,4,5700,1070638016
2021-05-06 14:00:31.92339+01,1620306031,t91-jak,3300,2,5700,1109226112
2021-05-06 14:00:18.878557+01,1620306018,t91-jak,3300,0,5700,70511.0
2021-05-06 14:00:13.909916+01,1620306013,t91-jak,3300,3,5700,1093120640
2021-05-06 13:59:58.632638+01,1620305998,t91-jak,3300,2,5700,1103192832
2021-05-06 13:59:52.296794+01,0,Thingy:91-Test,3300,3,5700,1095363456
2021-05-06 13:59:50.39676+01,1620305989,t91-jak,3300,0,5700,72283.0
2021-05-06 13:59:22.146925+01,1620305962,Thingy:91-Test,3300,2,5700,1087920384
2021-05-06 13:59:02.937233+01,1620305942,Thingy:91-Test,3300,0,5700,25639.0
2021-05-06 13:53:18.323688+01,1620305597,Thingy:91-Test,3304,0,5700,11.799999237060547
2021-05-06 13:53:17.369822+01,1620305596,Thingy:91-Test,3303,0,5700,25.229999542236328
2021-05-06 13:53:06.329863+01,1620305585,Thingy:91-Test,3300,4,5700,1053245184
2021-05-06 13:52:39.171293+01,1620305558,Thingy:91-Test,3300,3,5700,1101983872
2021-05-06 13:52:12.541785+01,1620305531,Thingy:91-Test,3300,2,5700,1100775040
2021-05-06 13:52:01.213417+01,1620305520,Thingy:91-Test,3300,0,5700,13251.0
2021-05-06 13:50:56.816658+01,1620305456,gas-test,3300,1,5700,189.0
2021-05-06 13:48:43.752656+01,1620305323,t91-jak,3300,2,5700,1100837504
2021-05-06 13:48:37.044142+01,1620305316,t91-jak,3300,0,5700,149530.0
2021-05-06 13:33:50.77558+01,1620304427,gas-test,3300,1,5700,230.0
2021-05-06 13:29:10.691991+01,1620304149,Thingy:91-Test,3304,0,5700,15.371999740600586
2021-05-06 13:29:09.730415+01,1620304148,Thingy:91-Test,3303,0,5700,18.479999542236328
2021-05-06 13:29:08.699846+01,1620304147,Thingy:91-Test,3300,4,5700,1061226048
2021-05-06 13:28:51.738237+01,1620304130,Thingy:91-Test,3300,3,5700,1097225216
2021-05-06 13:28:34.850313+01,1620304113,Thingy:91-Test,3300,2,5700,1103122304
2021-05-06 13:28:25.171194+01,1620304104,Thingy:91-Test,3300,0,5700,10708.0
2021-05-06 13:28:20.620443+01,1620304099,gas-test,3300,1,5700,282.0
2021-05-06 13:28:11.597051+01,1620304090,t91-jak,3304,0,5700,17.150999069213867
2021-05-06 13:28:10.752134+01,1620304090,t91-jak,3303,0,5700,18.119998931884766
2021-05-06 13:28:09.747459+01,1620304089,t91-jak,3300,4,5700,1066357696
2021-05-06 13:28:03.670475+01,1620304083,t91-jak,3300,3,5700,1100947072
2021-05-06 13:27:57.590048+01,1620304076,t91-jak,3300,2,5700,1092448896
2021-05-06 13:27:50.951332+01,1620304070,t91-jak,3300,0,5700,115644.0
2021-05-06 13:27:42.587802+01,1620304062,t91-jak,3304,0,5700,17.344999313354492
2021-05-06 13:27:41.591528+01,1620304061,t91-jak,3303,0,5700,17.92999839782715
2021-05-06 13:27:40.887013+01,1620304060,t91-jak,3300,4,5700,1070638016
2021-05-06 13:27:34.871271+01,1620304054,t91-jak,3300,3,5700,1108587648
2021-05-06 13:27:28.791381+01,1620304048,t91-jak,3300,2,5700,1092448896
2021-05-06 13:27:22.153413+01,1620304041,t91-jak,3300,0,5700,155667.0
2021-05-06 13:24:09.091524+01,1620303848,gas-test,3300,1,5700,286.0
2021-05-06 13:18:07.27729+01,1620303487,gas-test,3300,1,5700,227.0
2021-05-06 13:15:43.55099+01,1620303343,t91-jak,3304,0,5700,15.839999198913574
2021-05-06 13:15:42.721913+01,1620303343,t91-jak,3303,0,5700,16.81999969482422
2021-05-06 13:15:41.867145+01,1620303342,t91-jak,3300,4,5700,1070638016
2021-05-06 13:15:36.107548+01,1620303336,t91-jak,3300,3,5700,1093120640
2021-05-06 13:15:30.391968+01,1620303330,t91-jak,3300,2,5700,1092448896
2021-05-06 13:15:23.749837+01,1620303324,t91-jak,3300,0,5700,119795.0
2021-05-06 13:15:14.631959+01,1620303314,t91-jak,3304,0,5700,16.322999954223633
2021-05-06 13:15:13.793824+01,1620303314,t91-jak,3303,0,5700,16.439998626708984
2021-05-06 13:15:12.870469+01,1620303313,t91-jak,3300,4,5700,1070638016
2021-05-06 13:15:07.030202+01,1620303307,t91-jak,3300,3,5700,1093120640
2021-05-06 13:15:00.977959+01,1620303301,t91-jak,3300,2,5700,1092448896
2021-05-06 13:14:54.631604+01,1620303295,t91-jak,3300,0,5700,138027.0
2021-05-06 13:07:42.696131+01,1620302862,gas-test,3300,1,5700,412.0
2021-05-06 13:05:37.507938+01,1620302737,gas-test,3300,0,5700,0.0
2021-05-06 13:04:35.505568+01,1620302674,t91-jak,3304,0,5700,17.939998626708984
2021-05-06 13:04:34.687775+01,1620302674,t91-jak,3303,0,5700,15.84999942779541
2021-05-06 13:04:33.749159+01,1620302673,t91-jak,3300,4,5700,1070638016
2021-05-06 13:04:27.671549+01,1620302666,t91-jak,3300,3,5700,1101509248
2021-05-06 13:04:21.589099+01,1620302660,t91-jak,3300,2,5700,1092448896
2021-05-06 13:04:14.872116+01,1620302654,t91-jak,3300,0,5700,100831.0
2021-05-06 13:04:05.764257+01,1620302645,t91-jak,3304,0,5700,18.273998260498047
2021-05-06 13:04:04.929497+01,1620302644,t91-jak,3303,0,5700,15.489999771118164
2021-05-06 13:04:03.933191+01,1620302643,t91-jak,3300,4,5700,1070638016
2021-05-06 13:03:57.911916+01,1620302637,t91-jak,3300,3,5700,1107409792
2021-05-06 13:03:51.831387+01,1620302631,t91-jak,3300,2,5700,1092448896
2021-05-06 13:03:45.271753+01,1620302624,t91-jak,3300,0,5700,141780.0
